point_id,utm_easting,utm_northing,utm_zone,elevation,array,Ellipsoidal_Ht,Ortho_Ht,mic_type,notes
SBT-3-7-1,454901.8146,6080451.741,12,654.0784,SBT-3-7,630.8394,654.0784,ARU,
SBT-3-7-2,454938.2138,6080450.422,12,660.9413,SBT-3-7,637.7023,660.9413,ARU,
SBT-3-7-3,454972.0517,6080451.849,12,650.728,SBT-3-7,627.489,650.728,ARU,
SBT-3-7-4,455002.2424,6080447.022,12,654.0776,SBT-3-7,630.8386,654.0776,ARU,
SBT-3-7-5,455040.577,6080456.902,12,661.8522,SBT-3-7,638.6132,661.8522,ARU,
SBT-3-7-6,454905.359,6080413.104,12,647.2733,SBT-3-7,624.0343,647.2733,EXTMIC,
SBT-3-7-7,454937.2369,6080420.122,12,657.2884,SBT-3-7,634.0494,657.2884,EXTMIC,
SBT-3-7-8,454974.7873,6080417.285,12,654.6735,SBT-3-7,631.4345,654.6735,EXTMIC,
SBT-3-7-9,455007.368,6080417.427,12,656.3999,SBT-3-7,633.1609,656.3999,EXTMIC,
SBT-3-7-10,455037.1044,6080422.566,12,651.1695,SBT-3-7,627.9305,651.1695,EXTMIC,
SBT-3-7-11,454898.7381,6080390.006,12,652.6379,SBT-3-7,629.3989,652.6379,ARU,
SBT-3-7-12,454933.4345,6080381.205,12,652.3872,SBT-3-7,629.1482,652.3872,ARU,
SBT-3-7-13,454971.7359,6080378.249,12,656.7402,SBT-3-7,633.5012,656.7402,ARU,
SBT-3-7-14,455006.7064,6080386.725,12,661.8206,SBT-3-7,638.5816,661.8206,ARU,
SBT-3-7-15,455043.0702,6080380.894,12,667.5192,SBT-3-7,644.2802,667.5192,ARU,
SBT-3-7-16,454905.382,6080349.704,12,652.3239,SBT-3-7,629.0849,652.3239,EXTMIC,
SBT-3-7-17,454931.136,6080345.284,12,650.7181,SBT-3-7,627.4791,650.7181,EXTMIC,
SBT-3-7-18,454974.0135,6080350.639,12,652.5312,SBT-3-7,629.2922,652.5312,EXTMIC,
SBT-3-7-19,455003.2251,6080342.379,12,648.327,SBT-3-7,625.088,648.327,EXTMIC,
SBT-3-7-20,455040.1717,6080350.743,12,647.7664,SBT-3-7,624.5274,647.7664,EXTMIC,
SBT-3-7-21,454896.0362,6080311.947,12,648.5324,SBT-3-7,625.2934,648.5324,ARU,
SBT-3-7-22,454933.8436,6080311.789,12,654.4708,SBT-3-7,631.2318,654.4708,EXTMIC,
SBT-3-7-23,454969.6031,6080312.622,12,642.5961,SBT-3-7,619.3571,642.5961,ARU,
SBT-3-7-24,454998.3602,6080311.81,12,666.2248,SBT-3-7,642.9858,666.2248,EXTMIC,
SBT-3-7-25,455035.6884,6080311.885,12,659.1244,SBT-3-7,635.8854,659.1244,ARU,
SBT-3-7-26,455072.8494,6080418.852,12,655.1871,SBT-3-7,631.9481,655.1871,ARU,
SBT-3-7-27,455110.4551,6080420.803,12,662.6143,SBT-3-7,639.3753,662.6143,ARU,
SBT-3-7-28,455139.9575,6080425.145,12,652.9458,SBT-3-7,629.7068,652.9458,ARU,
SBT-3-7-29,455181.9959,6080424.017,12,659.2651,SBT-3-7,636.0261,659.2651,ARU,
SBT-3-7-30,455210.8091,6080413.825,12,659.1444,SBT-3-7,635.9054,659.1444,ARU,
SBT-3-7-31,455072.8826,6080389.65,12,668.9758,SBT-3-7,645.7368,668.9758,EXTMIC,
SBT-3-7-32,455108.153,6080388.977,12,663.6568,SBT-3-7,640.4178,663.6568,EXTMIC,
SBT-3-7-33,455145.2657,6080385.678,12,652.1146,SBT-3-7,628.8756,652.1146,EXTMIC,
SBT-3-7-34,455180.9688,6080393.859,12,655.0471,SBT-3-7,631.8081,655.0471,EXTMIC,
SBT-3-7-35,455211.993,6080383.66,12,660.0673,SBT-3-7,636.8283,660.0673,EXTMIC,
SBT-3-7-36,455077.6287,6080355.216,12,652.4281,SBT-3-7,629.1891,652.4281,ARU,
SBT-3-7-37,455112.5971,6080349.096,12,663.5593,SBT-3-7,640.3203,663.5593,EXTMIC,
SBT-3-7-38,455144.6011,6080342.009,12,658.2423,SBT-3-7,635.0033,658.2423,ARU,
SBT-3-7-39,455174.155,6080345.207,12,654.6143,SBT-3-7,631.3753,654.6143,EXTMIC,
SBT-3-7-40,455212.717,6080347.683,12,655.5513,SBT-3-7,632.3123,655.5513,ARU,
SBT-3-7-41,455074.1016,6080311.215,12,664.4231,SBT-3-7,641.1841,664.4231,EXTMIC,
SBT-3-7-42,455112.8172,6080313.392,12,658.6485,SBT-3-7,635.4095,658.6485,EXTMIC,
SBT-3-7-43,455147.9112,6080313.736,12,664.0324,SBT-3-7,640.7934,664.0324,ARU,
SBT-3-7-44,455174.1151,6080315.048,12,660.4353,SBT-3-7,637.1963,660.4353,ARU,
SBT-3-7-45,455212.1041,6080314.145,12,657.4585,SBT-3-7,634.2195,657.4585,ARU,
SBT-3-7-46,455072.9528,6080285.797,12,662.4733,SBT-3-7,639.2343,662.4733,ARU,
SBT-3-7-47,455104.1021,6080282.692,12,661.6105,SBT-3-7,638.3715,661.6105,EXTMIC,
SBT-3-7-48,455145.3416,6080277.66,12,665.6162,SBT-3-7,642.3772,665.6162,EXTMIC,
SBT-3-7-49,455175.1181,6080276.899,12,665.4155,SBT-3-7,642.1765,665.4155,ARU,
SBT-3-7-50,455214.5148,6080275.265,12,661.2929,SBT-3-7,638.0539,661.2929,EXTMIC,
SBT-3-9-1,438644.1056,6108545.932,12,678.0932,SBT-3-9,655.2032,678.0932,EXTMIC,
SBT-3-9-2,438672.2038,6108550.639,12,673.4076,SBT-3-9,650.5176,673.4076,ARU,
SBT-3-9-3,438711.0646,6108547.985,12,676.9545,SBT-3-9,654.0645,676.9545,EXTMIC,
SBT-3-9-4,438745.1773,6108539.458,12,677.591,SBT-3-9,654.701,677.591,ARU,
SBT-3-9-5,438779.8315,6108547.769,12,674.1409,SBT-3-9,651.2509,674.1409,EXTMIC,
SBT-3-9-6,438636.7147,6108506.052,12,677.1851,SBT-3-9,654.2951,677.1851,EXTMIC,
SBT-3-9-7,438671.4005,6108507.106,12,677.9323,SBT-3-9,655.0423,677.9323,ARU,
SBT-3-9-8,438707.6698,6108512.613,12,677.6193,SBT-3-9,654.7293,677.6193,EXTMIC,
SBT-3-9-9,438743.6244,6108508.419,12,675.2917,SBT-3-9,652.4017,675.2917,ARU,
SBT-3-9-10,438779.3703,6108522.498,12,674.9966,SBT-3-9,652.1066,674.9966,EXTMIC,
SBT-3-9-11,438640.8131,6108480.174,12,677.8575,SBT-3-9,654.9675,677.8575,EXTMIC,
SBT-3-9-12,438677.8022,6108479.898,12,676.278,SBT-3-9,653.388,676.278,ARU,
SBT-3-9-13,438707.7668,6108476.644,12,674.5243,SBT-3-9,651.6343,674.5243,EXTMIC,
SBT-3-9-14,438745.0122,6108475.124,12,673.6418,SBT-3-9,650.7518,673.6418,ARU,
SBT-3-9-15,438778.8961,6108472.686,12,680.1927,SBT-3-9,657.3027,680.1927,EXTMIC,
SBT-3-9-16,438639.1774,6108441.624,12,676.8629,SBT-3-9,653.9729,676.8629,EXTMIC,
SBT-3-9-17,438674.6456,6108442.529,12,675.5228,SBT-3-9,652.6328,675.5228,EXTMIC,
SBT-3-9-18,438712.274,6108438.778,12,674.8229,SBT-3-9,651.9329,674.8229,EXTMIC,
SBT-3-9-19,438746.5871,6108437.646,12,674.8304,SBT-3-9,651.9404,674.8304,ARU,
SBT-3-9-20,438780.6385,6108437.247,12,672.8213,SBT-3-9,649.9313,672.8213,EXTMIC,
SBT-3-9-21,438636.4088,6108401.018,12,674.9981,SBT-3-9,652.1081,674.9981,EXTMIC,
SBT-3-9-22,438676.1689,6108405.511,12,678.0967,SBT-3-9,655.2067,678.0967,ARU,
SBT-3-9-23,438709.2932,6108403.372,12,678.0489,SBT-3-9,655.1589,678.0489,EXTMIC,
SBT-3-9-24,438744.0761,6108402.606,12,674.2537,SBT-3-9,651.3637,674.2537,ARU,
SBT-3-9-25,438781.5167,6108402.348,12,674.7704,SBT-3-9,651.8804,674.7704,EXTMIC,
SBT-3-9-26,438468.575,6108545.045,12,677.5902,SBT-3-9,654.7002,677.5902,ARU,
SBT-3-9-27,438500.1148,6108541.48,12,683.4049,SBT-3-9,660.5149,683.4049,EXTMIC,
SBT-3-9-28,438529.9514,6108541.569,12,677.239,SBT-3-9,654.349,677.239,ARU,
SBT-3-9-29,438570.6842,6108545.75,12,677.9591,SBT-3-9,655.0691,677.9591,EXTMIC,
SBT-3-9-30,438614.2046,6108541.689,12,678.9676,SBT-3-9,656.0776,678.9676,ARU,
SBT-3-9-31,438469.9253,6108508.589,12,677.7126,SBT-3-9,654.8226,677.7126,ARU,
SBT-3-9-32,438496.5411,6108505.436,12,676.8151,SBT-3-9,653.9251,676.8151,EXTMIC,
SBT-3-9-33,438539.0152,6108511.397,12,682.89,SBT-3-9,660.0,682.89,ARU,"Adjusted coordinates (0,_1)"
SBT-3-9-34,438567.8036,6108513.79,12,676.7701,SBT-3-9,653.8801,676.7701,EXTMIC,
SBT-3-9-35,438608.8726,6108507.361,12,677.293,SBT-3-9,654.403,677.293,ARU,
SBT-3-9-36,438465.8911,6108479.245,12,678.1776,SBT-3-9,655.2876,678.1776,ARU,
SBT-3-9-37,438499.9374,6108478.862,12,682.0497,SBT-3-9,659.1597,682.0497,EXTMIC,
SBT-3-9-38,438533.1725,6108474.334,12,678.9835,SBT-3-9,656.0935,678.9835,ARU,
SBT-3-9-39,438567.9849,6108471.703,12,678.9263,SBT-3-9,656.0363,678.9263,EXTMIC,
SBT-3-9-40,438610.9142,6108476.776,12,678.4175,SBT-3-9,655.5275,678.4175,ARU,
SBT-3-9-41,438466.6753,6108434.809,12,678.9104,SBT-3-9,656.0204,678.9104,ARU,
SBT-3-9-42,438496.1376,6108438.501,12,682.9176,SBT-3-9,660.0276,682.9176,EXTMIC,
SBT-3-9-43,438535.4245,6108443.81,12,677.7549,SBT-3-9,654.8649,677.7549,ARU,
SBT-3-9-44,438567.6211,6108440.255,12,677.1313,SBT-3-9,654.2413,677.1313,EXTMIC,
SBT-3-9-45,438608.8042,6108440.135,12,678.731,SBT-3-9,655.841,678.731,ARU,
SBT-3-9-46,438467.8528,6108409.82,12,676.517,SBT-3-9,653.627,676.517,ARU,
SBT-3-9-47,438498.3555,6108415.439,12,676.2721,SBT-3-9,653.3821,676.2721,EXTMIC,
SBT-3-9-48,438540.0838,6108403.327,12,677.2015,SBT-3-9,654.3115,677.2015,ARU,
SBT-3-9-49,438568.2469,6108402.324,12,675.5742,SBT-3-9,652.6842,675.5742,EXTMIC,
SBT-3-9-50,438611.7241,6108403.46,12,676.1053,SBT-3-9,653.2153,676.1053,ARU,
SBT-3-15-1,451951.6,6097023.4,12,,SBT-3-15,594.4,,ARU,From datasheet (451961.6 -> 451951.6)
SBT-3-15-2,451984.7398,6097016.958,12,621.6341,SBT-3-15,598.4471,621.6341,ARU,
SBT-3-15-3,452020.5013,6097015.663,12,627.094,SBT-3-15,603.907,627.094,ARU,
SBT-3-15-4,452059.9531,6097017.128,12,624.3131,SBT-3-15,601.1261,624.3131,ARU,
SBT-3-15-5,452090.0297,6097010.736,12,621.6893,SBT-3-15,598.5023,621.6893,ARU,
SBT-3-15-6,451948.425,6096984.634,12,620.8145,SBT-3-15,597.6275,620.8145,EXTMIC,
SBT-3-15-7,451986.1061,6096982.998,12,625.8,SBT-3-15,602.613,625.8,EXTMIC,
SBT-3-15-8,452021.2105,6096985.497,12,631.4458,SBT-3-15,608.2588,631.4458,EXTMIC,
SBT-3-15-9,452058.0739,6096988.097,12,628.6818,SBT-3-15,605.4948,628.6818,EXTMIC,
SBT-3-15-10,452085.1892,6096982.494,12,620.827,SBT-3-15,597.64,620.827,EXTMIC,
SBT-3-15-11,451955.3088,6096958.138,12,629.9029,SBT-3-15,606.7159,629.9029,ARU,
SBT-3-15-12,451989.4918,6096949.753,12,629.8596,SBT-3-15,606.6726,629.8596,ARU,
SBT-3-15-13,452016.2986,6096948.995,12,631.481,SBT-3-15,608.294,631.481,ARU,
SBT-3-15-14,452057.7385,6096946.531,12,635.3202,SBT-3-15,612.1332,635.3202,ARU,
SBT-3-15-15,452091.4295,6096948.345,12,622.0426,SBT-3-15,598.8556,622.0426,ARU,
SBT-3-15-16,451958.6675,6096918.481,12,628.6514,SBT-3-15,605.4644,628.6514,EXTMIC,
SBT-3-15-17,451985.6815,6096910.646,12,629.745,SBT-3-15,606.558,629.745,EXTMIC,
SBT-3-15-18,452020.9234,6096916.123,12,631.0811,SBT-3-15,607.8941,631.0811,EXTMIC,
SBT-3-15-19,452058.8259,6096920.166,12,630.0912,SBT-3-15,606.9042,630.0912,EXTMIC,
SBT-3-15-20,452087.6813,6096918.038,12,622.4576,SBT-3-15,599.2706,622.4576,EXTMIC,
SBT-3-15-21,451957.8706,6096884.949,12,620.0633,SBT-3-15,596.8763,620.0633,ARU,
SBT-3-15-22,451987.8789,6096879.674,12,626.1859,SBT-3-15,602.9989,626.1859,ARU,
SBT-3-15-23,452027.1407,6096883.333,12,629.8753,SBT-3-15,606.6883,629.8753,ARU,
SBT-3-15-24,452054.0327,6096873.521,12,627.5912,SBT-3-15,604.4042,627.5912,ARU,
SBT-3-15-25,452093.618,6096878.016,12,620.4288,SBT-3-15,597.2418,620.4288,ARU,
SBT-3-15-26,451953.8589,6096848.241,12,617.2165,SBT-3-15,594.03,617.2165,EXTMIC,calculated 3D shift manually
SBT-3-15-27,451991.883,6096846.069,12,624.8262,SBT-3-15,601.639,624.8262,EXTMIC,calculated 3D shift manually
SBT-3-15-28,452021.7748,6096843.108,12,627.7938,SBT-3-15,604.607,627.7938,EXTMIC,calculated 3D shift manually
SBT-3-15-29,452060.1428,6096843.525,12,624.1011,SBT-3-15,600.914,624.1011,EXTMIC,calculated 3D shift manually
SBT-3-15-30,452095.5076,6096842.345,12,619.1197,SBT-3-15,595.933,619.1197,EXTMIC,calculated 3D shift manually
SBT-3-15-31,451960.1405,6096805.111,12,614.8858,SBT-3-15,591.699,614.8858,ARU,calculated 3D shift manually
SBT-3-15-32,451984.4978,6096811.143,12,620.0904,SBT-3-15,596.903,620.0904,ARU,calculated 3D shift manually
SBT-3-15-33,452022.4699,6096817.094,12,626.4497,SBT-3-15,603.263,626.4497,ARU,calculated 3D shift manually
SBT-3-15-34,452058.1935,6096812.604,12,622.9245,SBT-3-15,599.738,622.9245,ARU,calculated 3D shift manually
SBT-3-15-35,452092.1706,6096816.925,12,619.1433,SBT-3-15,595.956,619.1433,ARU,calculated 3D shift manually
SBT-3-15-36,451956.7092,6096774.285,12,614.0028,SBT-3-15,590.816,614.0028,EXTMIC,calculated 3D shift manually
SBT-3-15-37,451991.4422,6096768.627,12,616.0777,SBT-3-15,592.891,616.0777,EXTMIC,calculated 3D shift manually
SBT-3-15-38,452024.1006,6096776.348,12,623.5827,SBT-3-15,600.396,623.5827,EXTMIC,calculated 3D shift manually
SBT-3-15-39,452066.8058,6096769.096,12,621.9686,SBT-3-15,598.782,621.9686,EXTMIC,calculated 3D shift manually
SBT-3-15-40,452094.3109,6096780.972,12,618.7245,SBT-3-15,595.538,618.7245,EXTMIC,calculated 3D shift manually
SBT-3-15-41,451954.0948,6096739.329,12,618.0849,SBT-3-15,594.898,618.0849,ARU,calculated 3D shift manually
SBT-3-15-42,451992.659,6096735.78,12,622.7226,SBT-3-15,599.536,622.7226,ARU,calculated 3D shift manually
SBT-3-15-43,452020.2147,6096736.409,12,624.1821,SBT-3-15,600.995,624.1821,ARU,calculated 3D shift manually
SBT-3-15-44,452057.7905,6096742.854,12,624.2365,SBT-3-15,601.05,624.2365,ARU,calculated 3D shift manually
SBT-3-15-45,452098.1382,6096739.322,12,619.9073,SBT-3-15,596.72,619.9073,ARU,calculated 3D shift manually
SBT-3-15-46,451957.6038,6096701.64,12,619.9242,SBT-3-15,596.737,619.9242,EXTMIC,calculated 3D shift manually
SBT-3-15-47,451988.0249,6096696.038,12,617.4475,SBT-3-15,594.261,617.4475,EXTMIC,calculated 3D shift manually
SBT-3-15-48,452022.3619,6096704.546,12,622.4167,SBT-3-15,599.23,622.4167,EXTMIC,calculated 3D shift manually
SBT-3-15-49,452059.9002,6096710.753,12,625.7754,SBT-3-15,602.588,625.7754,EXTMIC,calculated 3D shift manually
SBT-3-15-50,452093.6072,6096707.746,12,622.9323,SBT-3-15,599.745,622.9323,EXTMIC,calculated 3D shift manually
SBT-3-18-1,442017.2188,6094981.604,12,608.0338,SBT-3-18,585.0098,608.0338,ARU,
SBT-3-18-2,442045.6022,6095002.126,12,609.6853,SBT-3-18,586.6613,609.6853,ARU,
SBT-3-18-3,442076.4388,6095020.428,12,615.1406,SBT-3-18,592.1166,615.1406,ARU,
SBT-3-18-4,442107.6932,6095042.684,12,617.38,SBT-3-18,594.356,617.38,ARU,
SBT-3-18-5,442133.3503,6095053.987,12,623.1276,SBT-3-18,600.1036,623.1276,ARU,
SBT-3-18-6,442031.9434,6094954.585,12,608.0369,SBT-3-18,585.0129,608.0369,EXTMIC,
SBT-3-18-7,442063.7972,6094975.264,12,610.5215,SBT-3-18,587.4975,610.5215,EXTMIC,
SBT-3-18-8,442091.4378,6094994.952,12,614.4095,SBT-3-18,591.3855,614.4095,EXTMIC,
SBT-3-18-9,442122.9046,6095011.02,12,614.6664,SBT-3-18,591.6424,614.6664,EXTMIC,
SBT-3-18-10,442155.303,6095030.253,12,621.0752,SBT-3-18,598.0512,621.0752,EXTMIC,
SBT-3-18-11,442052.5013,6094925.133,12,604.8124,SBT-3-18,581.7884,604.8124,ARU,
SBT-3-18-12,442077.67,6094940.314,12,609.2288,SBT-3-18,586.2048,609.2288,ARU,
SBT-3-18-13,442117.9998,6094958.85,12,611.7101,SBT-3-18,588.6861,611.7101,ARU,
SBT-3-18-14,442142.4507,6094982.105,12,613.8527,SBT-3-18,590.8287,613.8527,ARU,
SBT-3-18-15,442165.9508,6094996.186,12,618.1783,SBT-3-18,595.1543,618.1783,ARU,
SBT-3-18-16,442067.8125,6094895.794,12,605.2136,SBT-3-18,582.1896,605.2136,EXTMIC,
SBT-3-18-17,442094.6212,6094920.253,12,607.9282,SBT-3-18,584.9042,607.9282,EXTMIC,
SBT-3-18-18,442130.6231,6094931.691,12,610.7582,SBT-3-18,587.7342,610.7582,EXTMIC,
SBT-3-18-19,442159.7328,6094945.809,12,612.6921,SBT-3-18,589.6681,612.6921,EXTMIC,
SBT-3-18-20,442193.7705,6094966.803,12,618.3237,SBT-3-18,595.2997,618.3237,EXTMIC,
SBT-3-18-21,442092.0057,6094860.747,12,601.5627,SBT-3-18,578.5387,601.5627,ARU,
SBT-3-18-22,442119.9047,6094882.186,12,606.4719,SBT-3-18,583.4479,606.4719,ARU,
SBT-3-18-23,442153.4107,6094897.352,12,606.5411,SBT-3-18,583.5171,606.5411,ARU,
SBT-3-18-24,442177.1965,6094922.84,12,612.2729,SBT-3-18,589.2489,612.2729,ARU,
SBT-3-18-25,442209.3631,6094933.035,12,615.0964,SBT-3-18,592.0724,615.0964,ARU,
SBT-3-18-26,442107.81,6094840.403,12,602.1575,SBT-3-18,579.1335,602.1575,EXTMIC,
SBT-3-18-27,442141.4468,6094854.057,12,606.4582,SBT-3-18,583.4342,606.4582,EXTMIC,
SBT-3-18-28,442170.8873,6094876.759,12,608.8077,SBT-3-18,585.7837,608.8077,EXTMIC,
SBT-3-18-29,442194.9515,6094892.917,12,611.3222,SBT-3-18,588.2982,611.3222,EXTMIC,
SBT-3-18-30,442224.0528,6094914.753,12,614.2347,SBT-3-18,591.2107,614.2347,EXTMIC,
SBT-3-18-31,442127.3849,6094807.557,12,603.2834,SBT-3-18,580.2594,603.2834,ARU,
SBT-3-18-32,442156.0581,6094825.052,12,605.5891,SBT-3-18,582.5651,605.5891,ARU,
SBT-3-18-33,442183.46,6094842.691,12,608.5127,SBT-3-18,585.4887,608.5127,ARU,
SBT-3-18-34,442219.3064,6094863.824,12,608.5257,SBT-3-18,585.5017,608.5257,ARU,
SBT-3-18-35,442244.0784,6094883.811,12,610.6354,SBT-3-18,587.6114,610.6354,ARU,
SBT-3-18-36,442147.7302,6094776.417,12,605.8382,SBT-3-18,582.8142,605.8382,EXTMIC,
SBT-3-18-37,442173.3712,6094799.706,12,606.816,SBT-3-18,583.792,606.816,EXTMIC,
SBT-3-18-38,442203.9361,6094812.795,12,611.0615,SBT-3-18,588.0375,611.0615,EXTMIC,
SBT-3-18-39,442231.7819,6094832.13,12,609.9023,SBT-3-18,586.8783,609.9023,EXTMIC,
SBT-3-18-40,442264.7465,6094856.183,12,612.058,SBT-3-18,589.034,612.058,EXTMIC,
SBT-3-18-41,442162.3992,6094750.031,12,605.7087,SBT-3-18,582.6847,605.7087,ARU,
SBT-3-18-42,442194.4166,6094762.81,12,600.4441,SBT-3-18,577.4201,600.4441,ARU,
SBT-3-18-43,442224.498,6094787.854,12,612.1147,SBT-3-18,589.0907,612.1147,ARU,
SBT-3-18-44,442253.7546,6094804.892,12,607.0669,SBT-3-18,584.0429,607.0669,ARU,
SBT-3-18-45,442280.5068,6094820.256,12,613.4248,SBT-3-18,590.4008,613.4248,ARU,
SBT-3-18-46,442181.8584,6094718.623,12,601.0157,SBT-3-18,577.9917,601.0157,EXTMIC,
SBT-3-18-47,442212.3837,6094738.912,12,607.2122,SBT-3-18,584.1882,607.2122,EXTMIC,
SBT-3-18-48,442240.1869,6094756.577,12,608.6242,SBT-3-18,585.6002,608.6242,EXTMIC,
SBT-3-18-49,442266.7289,6094776.431,12,610.9748,SBT-3-18,587.9508,610.9748,EXTMIC,
SBT-3-18-50,442295.6624,6094795.714,12,610.8978,SBT-3-18,587.8738,610.8978,EXTMIC,
SBT-3-32-1,470606.5991,6095040.374,12,659.5664,SBT-3-32,636.1144,659.5664,ARU,
SBT-3-32-2,470643.7299,6095036.957,12,670.9889,SBT-3-32,647.5369,670.9889,EXTMIC,
SBT-3-32-3,470674.218,6095038.757,12,671.8752,SBT-3-32,648.4232,671.8752,ARU,
SBT-3-32-4,470714.6871,6095037.422,12,666.9497,SBT-3-32,643.4977,666.9497,EXTMIC,
SBT-3-32-5,470748.5255,6095043.339,12,665.2652,SBT-3-32,641.8132,665.2652,ARU,
SBT-3-32-6,470617.08,6095004.156,12,666.5637,SBT-3-32,643.1117,666.5637,ARU,
SBT-3-32-7,470648.0575,6095005.141,12,675.7384,SBT-3-32,652.2864,675.7384,EXTMIC,
SBT-3-32-8,470678.5722,6095006.746,12,669.9488,SBT-3-32,646.4968,669.9488,ARU,
SBT-3-32-9,470711.154,6095005.855,12,675.7695,SBT-3-32,652.3175,675.7695,EXTMIC,
SBT-3-32-10,470746.4543,6095007.118,12,663.7179,SBT-3-32,640.2659,663.7179,ARU,
SBT-3-32-11,470611.6073,6094968.893,12,676.5009,SBT-3-32,653.0489,676.5009,ARU,
SBT-3-32-12,470647.0954,6094966.113,12,677.0511,SBT-3-32,653.5991,677.0511,EXTMIC,
SBT-3-32-13,470677.0054,6094971.008,12,677.3228,SBT-3-32,653.8708,677.3228,ARU,
SBT-3-32-14,470713.506,6094967.677,12,675.2917,SBT-3-32,651.8397,675.2917,EXTMIC,
SBT-3-32-15,470743.7451,6094971.033,12,666.2698,SBT-3-32,642.8178,666.2698,ARU,
SBT-3-32-16,470614.857,6094934.557,12,675.9737,SBT-3-32,652.5217,675.9737,ARU,
SBT-3-32-17,470644.0068,6094933.246,12,680.5709,SBT-3-32,657.1189,680.5709,EXTMIC,
SBT-3-32-18,470677.8612,6094927.627,12,678.585,SBT-3-32,655.133,678.585,ARU,
SBT-3-32-19,470709.6581,6094933.042,12,679.8951,SBT-3-32,656.4431,679.8951,EXTMIC,
SBT-3-32-20,470749.8455,6094934.299,12,671.7401,SBT-3-32,648.2881,671.7401,ARU,
SBT-3-32-21,470608.2855,6094900.694,12,682.2553,SBT-3-32,658.8033,682.2553,ARU,
SBT-3-32-22,470639.6588,6094897.986,12,685.5367,SBT-3-32,662.0847,685.5367,EXTMIC,
SBT-3-32-23,470672.5626,6094901.443,12,689.4484,SBT-3-32,665.9964,689.4484,ARU,
SBT-3-32-24,470713.3593,6094900.33,12,677.1492,SBT-3-32,653.6972,677.1492,EXTMIC,
SBT-3-32-25,470746.2154,6094902.46,12,684.3512,SBT-3-32,660.8992,684.3512,ARU,
SBT-3-32-26,470781.6788,6095033.74,12,664.7026,SBT-3-32,641.2506,664.7026,EXTMIC,
SBT-3-32-27,470815.062,6095041.0,12,656.4426,SBT-3-32,632.9906,656.4426,ARU,
SBT-3-32-28,470852.3181,6095039.042,12,656.0096,SBT-3-32,632.5576,656.0096,EXTMIC,
SBT-3-32-29,470886.2983,6095037.76,12,660.7241,SBT-3-32,637.2721,660.7241,ARU,
SBT-3-32-30,470923.8985,6095035.863,12,662.9327,SBT-3-32,639.4807,662.9327,EXTMIC,
SBT-3-32-31,470780.3757,6095003.0,12,666.183,SBT-3-32,642.731,666.183,EXTMIC,
SBT-3-32-32,470816.5348,6095005.778,12,662.739,SBT-3-32,639.287,662.739,ARU,
SBT-3-32-33,470853.6651,6094998.449,12,664.5125,SBT-3-32,641.0605,664.5125,EXTMIC,
SBT-3-32-34,470885.2211,6095009.567,12,658.6958,SBT-3-32,635.2438,658.6958,ARU,
SBT-3-32-35,470923.8226,6095004.013,12,663.5135,SBT-3-32,640.0615,663.5135,EXTMIC,"Adjusted coordinates (1.76336,_2.42705)"
SBT-3-32-36,470780.964,6094973.137,12,670.5991,SBT-3-32,647.1471,670.5991,EXTMIC,
SBT-3-32-37,470817.8509,6094968.067,12,664.1074,SBT-3-32,640.6554,664.1074,ARU,
SBT-3-32-38,470854.8624,6094970.696,12,661.8973,SBT-3-32,638.4453,661.8973,EXTMIC,
SBT-3-32-39,470890.4563,6094969.188,12,664.7754,SBT-3-32,641.3234,664.7754,ARU,
SBT-3-32-40,470921.7347,6094968.893,12,662.0893,SBT-3-32,638.6373,662.0893,EXTMIC,
SBT-3-32-41,470785.5354,6094931.972,12,668.3719,SBT-3-32,644.9199,668.3719,EXTMIC,
SBT-3-32-42,470812.9466,6094930.869,12,671.1758,SBT-3-32,647.7238,671.1758,ARU,
SBT-3-32-43,470851.6734,6094933.754,12,672.7297,SBT-3-32,649.2777,672.7297,EXTMIC,
SBT-3-32-44,470886.5738,6094936.342,12,667.3043,SBT-3-32,643.8523,667.3043,ARU,
SBT-3-32-45,470923.8995,6094930.664,12,660.2333,SBT-3-32,636.7813,660.2333,EXTMIC,
SBT-3-32-46,470782.4288,6094895.676,12,676.0759,SBT-3-32,652.6239,676.0759,EXTMIC,
SBT-3-32-47,470820.9403,6094901.644,12,673.2979,SBT-3-32,649.8459,673.2979,ARU,
SBT-3-32-48,470855.3209,6094901.497,12,671.4972,SBT-3-32,648.0452,671.4972,EXTMIC,
SBT-3-32-49,470887.0862,6094898.767,12,669.6521,SBT-3-32,646.2001,669.6521,ARU,
SBT-3-32-50,470928.2312,6094901.897,12,664.9623,SBT-3-32,641.5103,664.9623,EXTMIC,
SBT-3-33-1,470378.8804,6096404.926,12,652.2936,SBT-3-33,628.8336,652.2936,ARU,
SBT-3-33-2,470404.7199,6096430.828,12,639.3944,SBT-3-33,615.9344,639.3944,EXTMIC,
SBT-3-33-3,470435.4934,6096447.907,12,640.4849,SBT-3-33,617.0249,640.4849,ARU,
SBT-3-33-4,470461.2818,6096477.609,12,642.3007,SBT-3-33,618.8407,642.3007,ARU,
SBT-3-33-5,470481.8703,6096491.352,12,647.2101,SBT-3-33,623.7501,647.2101,ARU,
SBT-3-33-6,470402.2181,6096375.458,12,649.6544,SBT-3-33,626.1944,649.6544,ARU,
SBT-3-33-7,470426.2938,6096394.782,12,646.1556,SBT-3-33,622.6956,646.1556,EXTMIC,
SBT-3-33-8,470453.2734,6096423.023,12,643.2766,SBT-3-33,619.8166,643.2766,ARU,
SBT-3-33-9,470478.1818,6096444.91,12,642.8628,SBT-3-33,619.4028,642.8628,EXTMIC,
SBT-3-33-10,470506.1025,6096462.236,12,642.0698,SBT-3-33,618.6098,642.0698,EXTMIC,
SBT-3-33-11,470422.5674,6096346.414,12,647.738,SBT-3-33,624.278,647.738,ARU,
SBT-3-33-12,470443.9269,6096373.026,12,644.6231,SBT-3-33,621.1631,644.6231,EXTMIC,
SBT-3-33-13,470475.6417,6096391.611,12,639.4148,SBT-3-33,615.9548,639.4148,ARU,
SBT-3-33-14,470507.6548,6096412.129,12,639.2862,SBT-3-33,615.8262,639.2862,EXTMIC,
SBT-3-33-15,470528.334,6096434.192,12,641.8271,SBT-3-33,618.3671,641.8271,ARU,
SBT-3-33-16,470441.7123,6096328.51,12,644.7272,SBT-3-33,621.2672,644.7272,ARU,
SBT-3-33-17,470472.1043,6096336.464,12,646.5687,SBT-3-33,623.1087,646.5687,EXTMIC,
SBT-3-33-18,470494.4735,6096362.798,12,639.0829,SBT-3-33,615.6229,639.0829,ARU,
SBT-3-33-19,470524.1731,6096389.976,12,632.1602,SBT-3-33,608.7002,632.1602,EXTMIC,
SBT-3-33-20,470550.9207,6096408.946,12,643.9351,SBT-3-33,620.4751,643.9351,ARU,
SBT-3-33-21,470458.6848,6096294.037,12,643.1639,SBT-3-33,619.7039,643.1639,ARU,
SBT-3-33-22,470487.627,6096312.241,12,643.5278,SBT-3-33,620.0678,643.5278,EXTMIC,
SBT-3-33-23,470513.9734,6096336.295,12,634.3165,SBT-3-33,610.8565,634.3165,ARU,
SBT-3-33-24,470545.7061,6096358.047,12,636.1511,SBT-3-33,612.6911,636.1511,EXTMIC,
SBT-3-33-25,470575.3668,6096386.033,12,639.1646,SBT-3-33,615.7046,639.1646,ARU,
SBT-3-33-26,470242.6589,6096287.078,12,629.5796,SBT-3-33,606.1196,629.5796,EXTMIC,
SBT-3-33-27,470275.4359,6096307.096,12,636.7523,SBT-3-33,613.2923,636.7523,ARU,
SBT-3-33-28,470300.4707,6096327.17,12,641.5575,SBT-3-33,618.0975,641.5575,EXTMIC,
SBT-3-33-29,470330.5429,6096350.177,12,643.0113,SBT-3-33,619.5513,643.0113,ARU,
SBT-3-33-30,470354.9428,6096382.948,12,646.798,SBT-3-33,623.338,646.798,EXTMIC,
SBT-3-33-31,470273.9493,6096262.638,12,631.8035,SBT-3-33,608.3435,631.8035,EXTMIC,"Adjusted coordinates (_1.87939,_0.68404)"
SBT-3-33-32,470293.3984,6096284.864,12,641.3237,SBT-3-33,617.8637,641.3237,ARU,
SBT-3-33-33,470328.8768,6096303.48,12,633.2106,SBT-3-33,609.7506,633.2106,EXTMIC,
SBT-3-33-34,470347.9559,6096330.564,12,634.1288,SBT-3-33,610.6688,634.1288,ARU,
SBT-3-33-35,470380.2726,6096354.708,12,648.0246,SBT-3-33,624.5646,648.0246,EXTMIC,
SBT-3-33-36,470291.9738,6096238.373,12,634.798,SBT-3-33,611.338,634.798,EXTMIC,
SBT-3-33-37,470314.0949,6096255.719,12,636.7732,SBT-3-33,613.3132,636.7732,ARU,
SBT-3-33-38,470338.5617,6096278.367,12,639.5206,SBT-3-33,616.0606,639.5206,EXTMIC,
SBT-3-33-39,470374.0608,6096299.037,12,650.0036,SBT-3-33,626.5436,650.0036,ARU,
SBT-3-33-40,470399.6947,6096321.443,12,651.1999,SBT-3-33,627.7399,651.1999,EXTMIC,
SBT-3-33-41,470321.2548,6096204.693,12,632.7239,SBT-3-33,609.2639,632.7239,EXTMIC,
SBT-3-33-42,470343.5243,6096222.986,12,638.7214,SBT-3-33,615.2614,638.7214,ARU,
SBT-3-33-43,470362.9293,6096250.391,12,641.1211,SBT-3-33,617.6611,641.1211,EXTMIC,
SBT-3-33-44,470392.8387,6096273.146,12,641.4617,SBT-3-33,618.0017,641.4617,ARU,
SBT-3-33-45,470422.1448,6096300.361,12,645.6103,SBT-3-33,622.1503,645.6103,EXTMIC,
SBT-3-33-46,470340.6107,6096182.357,12,630.4569,SBT-3-33,606.9969,630.4569,EXTMIC,
SBT-3-33-47,470360.7887,6096201.648,12,634.2011,SBT-3-33,610.7411,634.2011,ARU,
SBT-3-33-48,470391.3663,6096224.158,12,640.6189,SBT-3-33,617.1589,640.6189,EXTMIC,
SBT-3-33-49,470415.9811,6096237.757,12,644.1267,SBT-3-33,620.6667,644.1267,ARU,
SBT-3-33-50,470443.9871,6096273.705,12,644.8791,SBT-3-33,621.4191,644.8791,EXTMIC,
SBT-3-38-1,456829.67,6075516.51,12,,SBT-3-38,,,ARU,Obtained from ARU GPS
SBT-3-38-2,456863.23,6075542.51,12,,SBT-3-38,,,ARU,Obtained from ARU GPS
SBT-3-38-3,456888.64,6075560.54,12,,SBT-3-38,,,ARU,Obtained from ARU GPS
SBT-3-38-4,456918.29,6075582.76,12,,SBT-3-38,,,ARU,Obtained from ARU GPS
SBT-3-38-5,456941.72,6075596.84,12,,SBT-3-38,,,ARU,Obtained from ARU GPS
SBT-3-38-6,456852.46,6075494.44,12,658.2666,SBT-3-38,,658.2666,ARU,Obtained from ARU GPS
SBT-3-38-7,456884.62,6075518.14,12,660.4497,SBT-3-38,,660.4497,ARU,Obtained from ARU GPS
SBT-3-38-8,456915.07,6075535.56,12,663.495,SBT-3-38,,663.495,ARU,Obtained from ARU GPS
SBT-3-38-9,456941.85,6075549.82,12,,SBT-3-38,,,ARU,Obtained from ARU GPS
SBT-3-38-10,456964.64,6075574.71,12,667.4351,SBT-3-38,,667.4351,ARU,Obtained from ARU GPS
SBT-3-38-11,456877.0,6075471.51,12,659.4185,SBT-3-38,,659.4185,ARU,Obtained from ARU GPS
SBT-3-38-12,456904.66,6075477.05,12,661.3703,SBT-3-38,,661.3703,ARU,Obtained from ARU GPS
SBT-3-38-13,456931.28,6075506.35,12,663.4985,SBT-3-38,,663.4985,ARU,Obtained from ARU GPS
SBT-3-38-14,456958.46,6075520.54,12,665.105,SBT-3-38,,665.105,ARU,Obtained from ARU GPS
SBT-3-38-15,456986.99,6075543.07,12,,SBT-3-38,,,ARU,Obtained from ARU GPS
SBT-3-38-16,456896.25,6075434.76,12,,SBT-3-38,,,ARU,Obtained from ARU GPS
SBT-3-38-17,456931.44,6075455.5,12,639.3388,SBT-3-38,,639.3388,ARU,Obtained from ARU GPS
SBT-3-38-18,456953.93,6075476.65,12,640.6682,SBT-3-38,,640.6682,ARU,Obtained from ARU GPS
SBT-3-38-19,456975.5,6075486.75,12,641.9992,SBT-3-38,,641.9992,ARU,Obtained from ARU GPS
SBT-3-38-20,457005.95,6075520.41,12,,SBT-3-38,,,ARU,Obtained from ARU GPS
SBT-3-38-21,456917.58,6075404.12,12,,SBT-3-38,,,ARU,Obtained from ARU GPS
SBT-3-38-22,456943.36,6075429.54,12,,SBT-3-38,,,ARU,Obtained from ARU GPS
SBT-3-38-23,456971.06,6075448.3,12,,SBT-3-38,,,ARU,Obtained from ARU GPS
SBT-3-38-24,456993.77,6075471.65,12,,SBT-3-38,,,ARU,Obtained from ARU GPS
SBT-3-38-25,457032.2,6075492.7,12,647.2448,SBT-3-38,,647.2448,ARU,Obtained from ARU GPS
SBT-3-39-1,439313.3433,6108579.051,12,655.1993,SBT-3-39,632.2923,655.1993,ARU,
SBT-3-39-2,439343.2469,6108580.867,12,651.5315,SBT-3-39,628.6245,651.5315,EXTMIC,
SBT-3-39-3,439380.1754,6108577.549,12,653.8424,SBT-3-39,630.9354,653.8424,ARU,
SBT-3-39-4,439414.3717,6108584.643,12,654.4663,SBT-3-39,631.5593,654.4663,EXTMIC,
SBT-3-39-5,439449.6378,6108583.964,12,651.8429,SBT-3-39,628.9359,651.8429,ARU,
SBT-3-39-6,439308.9685,6108548.273,12,660.3759,SBT-3-39,637.4689,660.3759,ARU,
SBT-3-39-7,439342.2382,6108544.012,12,660.2751,SBT-3-39,637.3681,660.2751,EXTMIC,
SBT-3-39-8,439384.0453,6108549.33,12,659.4277,SBT-3-39,636.5207,659.4277,ARU,
SBT-3-39-9,439414.1152,6108546.869,12,656.9327,SBT-3-39,634.0257,656.9327,EXTMIC,
SBT-3-39-10,439446.4948,6108551.136,12,651.0869,SBT-3-39,628.1799,651.0869,EXTMIC,
SBT-3-39-11,439313.106,6108509.344,12,655.8305,SBT-3-39,632.9235,655.8305,ARU,
SBT-3-39-12,439344.3416,6108504.246,12,656.0264,SBT-3-39,633.1194,656.0264,EXTMIC,
SBT-3-39-13,439375.5919,6108514.948,12,656.7742,SBT-3-39,633.8672,656.7742,ARU,
SBT-3-39-14,439412.1372,6108508.349,12,654.7897,SBT-3-39,631.8827,654.7897,EXTMIC,
SBT-3-39-15,439448.8461,6108509.692,12,649.1779,SBT-3-39,626.2709,649.1779,ARU,
SBT-3-39-16,439305.5675,6108470.909,12,653.2546,SBT-3-39,630.3476,653.2546,ARU,
SBT-3-39-17,439345.726,6108472.48,12,654.9152,SBT-3-39,632.0082,654.9152,EXTMIC,
SBT-3-39-18,439384.1026,6108473.477,12,654.9423,SBT-3-39,632.0353,654.9423,ARU,
SBT-3-39-19,439413.8713,6108474.784,12,654.4749,SBT-3-39,631.5679,654.4749,EXTMIC,
SBT-3-39-20,439456.2192,6108476.537,12,646.5554,SBT-3-39,623.6484,646.5554,EXTMIC,
SBT-3-39-21,439306.6485,6108441.911,12,649.8618,SBT-3-39,626.9548,649.8618,EXTMIC,"Coordinates adjusted (_1,0)"
SBT-3-39-22,439346.2344,6108444.254,12,648.69,SBT-3-39,625.783,648.69,EXTMIC,
SBT-3-39-23,439383.9384,6108442.379,12,650.2807,SBT-3-39,627.3737,650.2807,ARU,
SBT-3-39-24,439413.3547,6108434.397,12,649.9226,SBT-3-39,627.0156,649.9226,EXTMIC,
SBT-3-39-25,439451.0257,6108443.981,12,648.8019,SBT-3-39,625.8949,648.8019,ARU,
SBT-3-39-26,439481.9689,6108550.12,12,647.4709,SBT-3-39,624.5639,647.4709,ARU,
SBT-3-39-27,439520.5799,6108545.226,12,646.2108,SBT-3-39,623.3038,646.2108,ARU,
SBT-3-39-28,439554.3353,6108541.809,12,652.7602,SBT-3-39,629.8532,652.7602,EXTMIC,
SBT-3-39-29,439583.8826,6108540.852,12,646.0194,SBT-3-39,623.1124,646.0194,ARU,
SBT-3-39-30,439614.5893,6108544.366,12,641.3634,SBT-3-39,618.4564,641.3634,EXTMIC,
SBT-3-39-31,439479.4174,6108514.718,12,646.8212,SBT-3-39,623.9142,646.8212,EXTMIC,
SBT-3-39-32,439517.9586,6108511.288,12,646.893,SBT-3-39,623.986,646.893,ARU,
SBT-3-39-33,439556.6769,6108511.961,12,646.0034,SBT-3-39,623.0964,646.0034,EXTMIC,
SBT-3-39-34,439589.2973,6108508.678,12,645.5172,SBT-3-39,622.6102,645.5172,ARU,
SBT-3-39-35,439618.7301,6108511.753,12,641.9139,SBT-3-39,619.0069,641.9139,EXTMIC,
SBT-3-39-36,439487.5394,6108475.585,12,643.9753,SBT-3-39,621.0683,643.9753,ARU,
SBT-3-39-37,439516.9692,6108473.044,12,639.5704,SBT-3-39,616.6634,639.5704,ARU,
SBT-3-39-38,439553.9374,6108472.864,12,639.942,SBT-3-39,617.035,639.942,EXTMIC,
SBT-3-39-39,439587.4552,6108474.399,12,639.8348,SBT-3-39,616.9278,639.8348,ARU,
SBT-3-39-40,439610.5736,6108471.861,12,637.3541,SBT-3-39,614.4471,637.3541,EXTMIC,
SBT-3-39-41,439486.5326,6108443.329,12,642.6338,SBT-3-39,619.7268,642.6338,EXTMIC,
SBT-3-39-42,439515.8701,6108434.733,12,642.494,SBT-3-39,619.587,642.494,ARU,
SBT-3-39-43,439545.6521,6108439.829,12,640.0462,SBT-3-39,617.1392,640.0462,EXTMIC,
SBT-3-39-44,439593.5957,6108440.57,12,636.643,SBT-3-39,613.736,636.643,ARU,
SBT-3-39-45,439621.1455,6108440.854,12,633.2809,SBT-3-39,610.3739,633.2809,EXTMIC,
SBT-3-39-46,439480.127,6108409.211,12,639.8793,SBT-3-39,616.9723,639.8793,EXTMIC,
SBT-3-39-47,439526.2695,6108407.161,12,638.807,SBT-3-39,615.9,638.807,ARU,
SBT-3-39-48,439550.2624,6108405.688,12,631.3643,SBT-3-39,608.4573,631.3643,EXTMIC,
SBT-3-39-49,439590.384,6108401.674,12,635.9214,SBT-3-39,613.0144,635.9214,ARU,
SBT-3-39-50,439622.868,6108402.354,12,636.0712,SBT-3-39,613.1642,636.0712,EXTMIC,
SBT-3-49-1,454013.9292,6101627.907,12,629.0975,SBT-3-49,605.8775,629.0975,EXTMIC,
SBT-3-49-2,454053.8249,6101625.532,12,633.2259,SBT-3-49,610.0059,633.2259,EXTMIC,
SBT-3-49-3,454093.5182,6101629.199,12,634.5611,SBT-3-49,611.3411,634.5611,EXTMIC,
SBT-3-49-4,454127.3407,6101624.804,12,633.6482,SBT-3-49,610.4282,633.6482,EXTMIC,
SBT-3-49-5,454160.8485,6101625.127,12,633.8625,SBT-3-49,610.6425,633.8625,EXTMIC,
SBT-3-49-6,454021.4967,6101589.804,12,633.9893,SBT-3-49,610.7693,633.9893,ARU,
SBT-3-49-7,454051.352,6101587.98,12,631.1908,SBT-3-49,607.9708,631.1908,ARU,
SBT-3-49-8,454089.9651,6101591.879,12,630.5491,SBT-3-49,607.3291,630.5491,ARU,
SBT-3-49-9,454129.6433,6101583.09,12,635.9531,SBT-3-49,612.7331,635.9531,ARU,
SBT-3-49-10,454160.9645,6101589.364,12,632.4627,SBT-3-49,609.2427,632.4627,ARU,
SBT-3-49-11,454025.6891,6101562.123,12,630.8208,SBT-3-49,607.6008,630.8208,EXTMIC,
SBT-3-49-12,454061.3459,6101553.015,12,632.2918,SBT-3-49,609.0718,632.2918,EXTMIC,
SBT-3-49-13,454089.8589,6101555.331,12,629.8537,SBT-3-49,606.6337,629.8537,EXTMIC,
SBT-3-49-14,454122.2565,6101554.872,12,632.8791,SBT-3-49,609.6591,632.8791,EXTMIC,
SBT-3-49-15,454164.0594,6101548.797,12,628.2505,SBT-3-49,605.0305,628.2505,EXTMIC,
SBT-3-49-16,454018.3344,6101519.595,12,628.9999,SBT-3-49,605.7799,628.9999,ARU,
SBT-3-49-17,454052.2237,6101525.309,12,628.7497,SBT-3-49,605.5297,628.7497,ARU,
SBT-3-49-18,454092.3026,6101523.989,12,629.2462,SBT-3-49,606.0262,629.2462,ARU,
SBT-3-49-19,454129.6174,6101532.535,12,635.7731,SBT-3-49,612.5531,635.7731,ARU,
SBT-3-49-20,454159.8331,6101515.433,12,627.8372,SBT-3-49,604.6172,627.8372,ARU,
SBT-3-49-21,454015.9213,6101486.308,12,628.332,SBT-3-49,605.112,628.332,EXTMIC,
SBT-3-49-22,454054.6212,6101486.45,12,628.1019,SBT-3-49,604.8819,628.1019,EXTMIC,
SBT-3-49-23,454090.5375,6101482.234,12,626.8044,SBT-3-49,603.5844,626.8044,EXTMIC,
SBT-3-49-24,454126.6806,6101485.502,12,629.2278,SBT-3-49,606.0078,629.2278,EXTMIC,
SBT-3-49-25,454161.2051,6101482.756,12,631.0892,SBT-3-49,607.8692,631.0892,EXTMIC,
SBT-3-49-26,454022.0626,6101799.642,12,627.3951,SBT-3-49,604.1751,627.3951,ARU,
SBT-3-49-27,454043.8704,6101798.119,12,634.0334,SBT-3-49,610.8134,634.0334,ARU,
SBT-3-49-28,454083.5512,6101797.839,12,635.8424,SBT-3-49,612.6224,635.8424,ARU,
SBT-3-49-29,454124.1448,6101800.904,12,630.6766,SBT-3-49,607.4566,630.6766,ARU,
SBT-3-49-30,454158.2096,6101804.054,12,630.5157,SBT-3-49,607.2957,630.5157,ARU,
SBT-3-49-31,454017.1754,6101764.703,12,630.6566,SBT-3-49,607.4366,630.6566,EXTMIC,
SBT-3-49-32,454050.0172,6101759.7,12,642.8314,SBT-3-49,619.6114,642.8314,EXTMIC,
SBT-3-49-33,454085.758,6101765.591,12,629.4106,SBT-3-49,606.1906,629.4106,EXTMIC,
SBT-3-49-34,454120.9131,6101764.901,12,623.8259,SBT-3-49,600.6059,623.8259,EXTMIC,
SBT-3-49-35,454153.2483,6101767.675,12,631.9461,SBT-3-49,608.7261,631.9461,EXTMIC,
SBT-3-49-36,454018.6978,6101728.697,12,630.5569,SBT-3-49,607.3369,630.5569,ARU,
SBT-3-49-37,454053.5791,6101721.844,12,630.5654,SBT-3-49,607.3454,630.5654,ARU,
SBT-3-49-38,454081.5941,6101727.575,12,635.5686,SBT-3-49,612.3486,635.5686,ARU,
SBT-3-49-39,454118.5946,6101720.758,12,632.3529,SBT-3-49,609.1329,632.3529,ARU,
SBT-3-49-40,454157.27,6101731.627,12,626.3093,SBT-3-49,603.0893,626.3093,ARU,
SBT-3-49-41,454018.8624,6101695.147,12,635.7494,SBT-3-49,612.5294,635.7494,EXTMIC,
SBT-3-49-42,454055.876,6101698.011,12,636.5698,SBT-3-49,613.3498,636.5698,EXTMIC,
SBT-3-49-43,454086.4885,6101696.757,12,631.8578,SBT-3-49,608.6378,631.8578,EXTMIC,
SBT-3-49-44,454120.0241,6101696.929,12,632.0939,SBT-3-49,608.8739,632.0939,EXTMIC,
SBT-3-49-45,454162.2312,6101697.851,12,632.8619,SBT-3-49,609.6419,632.8619,EXTMIC,
SBT-3-49-46,454022.3634,6101657.176,12,638.2614,SBT-3-49,615.0414,638.2614,ARU,
SBT-3-49-47,454054.0564,6101658.664,12,639.3372,SBT-3-49,616.1172,639.3372,ARU,
SBT-3-49-48,454089.1533,6101662.206,12,631.0981,SBT-3-49,607.8781,631.0981,ARU,
SBT-3-49-49,454125.7164,6101661.858,12,628.2493,SBT-3-49,605.0293,628.2493,ARU,
SBT-3-49-50,454164.7272,6101658.872,12,633.2498,SBT-3-49,610.0298,633.2498,ARU,
SBT-3-51-1,462831.061,6087055.51,12,694.1485,SBT-3-51,670.8085,694.1485,ARU,
SBT-3-51-2,462855.2704,6087081.519,12,689.3932,SBT-3-51,666.0532,689.3932,EXTMIC,
SBT-3-51-3,462885.1184,6087111.108,12,681.2479,SBT-3-51,657.9079,681.2479,ARU,
SBT-3-51-4,462909.8249,6087127.289,12,678.9271,SBT-3-51,655.5871,678.9271,EXTMIC,
SBT-3-51-5,462938.4927,6087153.476,12,676.2266,SBT-3-51,652.8866,676.2266,ARU,
SBT-3-51-6,462851.8467,6087032.975,12,696.5285,SBT-3-51,673.1885,696.5285,ARU,
SBT-3-51-7,462876.2256,6087054.521,12,692.3434,SBT-3-51,669.0034,692.3434,EXTMIC,
SBT-3-51-8,462904.6007,6087084.74,12,688.1214,SBT-3-51,664.7814,688.1214,ARU,
SBT-3-51-9,462934.6237,6087103.958,12,683.29,SBT-3-51,659.95,683.29,EXTMIC,
SBT-3-51-10,462961.3017,6087127.985,12,677.2383,SBT-3-51,653.8983,677.2383,EXTMIC,
SBT-3-51-11,462878.8407,6087008.315,12,698.291,SBT-3-51,674.951,698.291,EXTMIC,
SBT-3-51-12,462908.1113,6087026.812,12,694.2653,SBT-3-51,670.9253,694.2653,EXTMIC,
SBT-3-51-13,462926.6926,6087053.991,12,691.8522,SBT-3-51,668.5122,691.8522,ARU,
SBT-3-51-14,462954.5766,6087078.338,12,688.9147,SBT-3-51,665.5747,688.9147,EXTMIC,
SBT-3-51-15,462897.1408,6086973.836,12,699.0023,SBT-3-51,675.6623,699.0023,ARU,
SBT-3-51-16,462919.5797,6087001.034,12,696.407,SBT-3-51,673.067,696.407,EXTMIC,
SBT-3-51-17,462954.5346,6087028.384,12,691.4742,SBT-3-51,668.1342,691.4742,ARU,
SBT-3-51-18,462920.9621,6086950.402,12,696.2153,SBT-3-51,672.8753,696.2153,ARU,
SBT-3-51-19,462949.7534,6086982.965,12,707.1362,SBT-3-51,683.7962,707.1362,EXTMIC,
SBT-3-51-20,462989.1688,6087128.087,12,677.3611,SBT-3-51,654.0211,677.3611,ARU,
SBT-3-51-21,463021.5484,6087126.14,12,678.1523,SBT-3-51,654.8123,678.1523,EXTMIC,
SBT-3-51-22,463057.134,6087129.861,12,678.3079,SBT-3-51,654.9679,678.3079,ARU,
SBT-3-51-23,463089.2392,6087124.144,12,681.3108,SBT-3-51,657.9708,681.3108,EXTMIC,
SBT-3-51-24,463126.6981,6087121.111,12,675.3503,SBT-3-51,652.0103,675.3503,ARU,
SBT-3-51-25,463159.261,6087116.496,12,675.916,SBT-3-51,652.576,675.916,EXTMIC,
SBT-3-51-26,462990.9797,6087096.283,12,678.3691,SBT-3-51,655.0291,678.3691,ARU,
SBT-3-51-27,463019.573,6087093.986,12,677.6361,SBT-3-51,654.2961,677.6361,EXTMIC,
SBT-3-51-28,463056.8204,6087090.485,12,678.7761,SBT-3-51,655.4361,678.7761,ARU,
SBT-3-51-29,463089.1978,6087089.13,12,679.9726,SBT-3-51,656.6326,679.9726,EXTMIC,
SBT-3-51-30,463131.194,6087092.338,12,676.4412,SBT-3-51,653.1012,676.4412,ARU,
SBT-3-51-31,463161.4571,6087086.27,12,677.9681,SBT-3-51,654.6281,677.9681,EXTMIC,
SBT-3-51-32,462991.1115,6087058.474,12,687.9648,SBT-3-51,664.6248,687.9648,ARU,
SBT-3-51-33,463019.7673,6087054.541,12,685.1214,SBT-3-51,661.7814,685.1214,EXTMIC,
SBT-3-51-34,463052.9146,6087057.168,12,681.4795,SBT-3-51,658.1395,681.4795,ARU,
SBT-3-51-35,463089.7137,6087058.04,12,678.5563,SBT-3-51,655.2163,678.5563,EXTMIC,
SBT-3-51-36,463119.5168,6087053.638,12,679.4128,SBT-3-51,656.0728,679.4128,ARU,
SBT-3-51-37,463164.8183,6087054.401,12,677.4173,SBT-3-51,654.0773,677.4173,EXTMIC,
SBT-3-51-38,462980.0945,6087017.588,12,691.3335,SBT-3-51,667.9935,691.3335,ARU,Correct value from 114 RTK file
SBT-3-51-39,463024.5934,6087023.975,12,688.6146,SBT-3-51,665.2746,688.6146,EXTMIC,Correctly labeled in 115 RTK file
SBT-3-51-40,463055.8414,6087028.652,12,686.3721,SBT-3-51,663.0321,686.3721,ARU,Labeled as 38 in 115 RTK file
SBT-3-51-41,463088.2724,6087025.029,12,686.0518,SBT-3-51,662.7118,686.0518,EXTMIC,
SBT-3-51-42,463122.6884,6087013.058,12,683.8575,SBT-3-51,660.5175,683.8575,ARU,
SBT-3-51-43,463161.2319,6087011.281,12,680.3558,SBT-3-51,657.0158,680.3558,EXTMIC,
SBT-3-51-44,462983.1987,6086990.439,12,693.8029,SBT-3-51,670.4629,693.8029,ARU,
SBT-3-51-45,463018.0906,6086987.122,12,692.0307,SBT-3-51,668.6907,692.0307,EXTMIC,
SBT-3-51-46,463057.4439,6086984.888,12,690.9937,SBT-3-51,667.6537,690.9937,ARU,
SBT-3-51-47,463089.9042,6086982.409,12,687.9875,SBT-3-51,664.6475,687.9875,EXTMIC,
SBT-3-51-48,463128.5343,6086978.164,12,686.5967,SBT-3-51,663.2567,686.5967,ARU,
SBT-3-51-49,463158.7564,6086977.307,12,684.2826,SBT-3-51,660.9426,684.2826,EXTMIC,
SBT-6-76-1,662224.5834,6124281.521,11,644.0764,SBT-6-76,624.4754,644.0764,ARU,
SBT-6-76-2,662260.5442,6124281.543,11,641.5712,SBT-6-76,621.9702,641.5712,EXTMIC,
SBT-6-76-3,662291.6,6124285.552,11,642.7756,SBT-6-76,623.1746,642.7756,ARU,
SBT-6-76-4,662327.8365,6124277.75,11,649.0216,SBT-6-76,629.4206,649.0216,EXTMIC,
SBT-6-76-5,662356.4364,6124283.782,11,655.5857,SBT-6-76,635.9847,655.5857,ARU,
SBT-6-76-6,662218.063,6124257.275,11,639.2194,SBT-6-76,619.6184,639.2194,ARU,
SBT-6-76-7,662257.5898,6124248.02,11,643.5579,SBT-6-76,623.9569,643.5579,EXTMIC,
SBT-6-76-8,662288.1698,6124255.686,11,645.2025,SBT-6-76,625.6015,645.2025,ARU,
SBT-6-76-9,662333.4375,6124255.244,11,650.1015,SBT-6-76,630.5005,650.1015,EXTMIC,
SBT-6-76-10,662364.2421,6124252.633,11,641.2863,SBT-6-76,621.6853,641.2863,ARU,
SBT-6-76-11,662220.9159,6124221.772,11,650.8255,SBT-6-76,631.2245,650.8255,ARU,"Adjusted coordinates (0.610105,_1.37032)"
SBT-6-76-12,662255.338,6124218.648,11,644.2745,SBT-6-76,624.6735,644.2745,EXTMIC,
SBT-6-76-13,662296.2124,6124222.434,11,644.9783,SBT-6-76,625.3773,644.9783,ARU,
SBT-6-76-14,662327.6334,6124220.033,11,645.3003,SBT-6-76,625.6993,645.3003,EXTMIC,
SBT-6-76-15,662365.8577,6124219.527,11,651.9117,SBT-6-76,632.3107,651.9117,ARU,
SBT-6-76-16,662223.7518,6124181.391,11,649.7217,SBT-6-76,630.1207,649.7217,ARU,
SBT-6-76-17,662258.7042,6124181.232,11,649.9589,SBT-6-76,630.3579,649.9589,EXTMIC,"Adjusted coordinates (1.4854,_0.20876)"
SBT-6-76-18,662292.6349,6124181.793,11,646.8091,SBT-6-76,627.2081,646.8091,ARU,
SBT-6-76-19,662328.4816,6124175.147,11,642.8589,SBT-6-76,623.2579,642.8589,EXTMIC,
SBT-6-76-20,662358.2161,6124193.927,11,651.5271,SBT-6-76,631.9261,651.5271,ARU,
SBT-6-76-21,662223.3374,6124151.778,11,646.0759,SBT-6-76,626.4749,646.0759,ARU,
SBT-6-76-22,662259.3993,6124143.354,11,655.2355,SBT-6-76,635.6345,655.2355,EXTMIC,
SBT-6-76-23,662293.2393,6124143.351,11,658.1241,SBT-6-76,638.5231,658.1241,ARU,
SBT-6-76-24,662327.1043,6124148.867,11,650.4745,SBT-6-76,630.8735,650.4745,EXTMIC,
SBT-6-76-25,662360.8263,6124142.974,11,654.4221,SBT-6-76,634.8211,654.4221,ARU,"Adjusted coordinates (_1.5,0)"
SBT-6-76-26,662393.7145,6124288.3,11,641.1808,SBT-6-76,621.5798,641.1808,EXTMIC,
SBT-6-76-27,662435.7053,6124286.509,11,640.7308,SBT-6-76,621.1298,640.7308,ARU,
SBT-6-76-28,662467.1205,6124282.045,11,641.866,SBT-6-76,622.265,641.866,EXTMIC,
SBT-6-76-29,662499.8657,6124290.184,11,639.1482,SBT-6-76,619.5472,639.1482,ARU,
SBT-6-76-30,662535.621,6124290.688,11,639.5715,SBT-6-76,619.9705,639.5715,EXTMIC,
SBT-6-76-31,662400.1884,6124255.463,11,654.1021,SBT-6-76,634.5011,654.1021,EXTMIC,
SBT-6-76-32,662437.635,6124249.769,11,645.7719,SBT-6-76,626.1709,645.7719,ARU,
SBT-6-76-33,662469.2009,6124245.082,11,648.177,SBT-6-76,628.576,648.177,EXTMIC,
SBT-6-76-34,662500.8322,6124254.242,11,652.2789,SBT-6-76,632.6779,652.2789,ARU,"Adjusted coordinates (2.45435,_3.03087)"
SBT-6-76-35,662533.385,6124249.6,11,648.3158,SBT-6-76,628.7148,648.3158,EXTMIC,
SBT-6-76-36,662399.7862,6124216.268,11,643.847,SBT-6-76,624.246,643.847,EXTMIC,
SBT-6-76-37,662432.7347,6124220.107,11,645.6614,SBT-6-76,626.0604,645.6614,ARU,
SBT-6-76-38,662464.3756,6124219.377,11,653.2679,SBT-6-76,633.6669,653.2679,EXTMIC,
SBT-6-76-39,662500.4844,6124215.239,11,646.5133,SBT-6-76,626.9123,646.5133,ARU,"Adjusted coordinates (1.29505,0.113302)"
SBT-6-76-40,662534.2203,6124221.769,11,654.282,SBT-6-76,634.681,654.282,EXTMIC,
SBT-6-76-41,662400.1703,6124186.558,11,644.7379,SBT-6-76,625.1369,644.7379,EXTMIC,
SBT-6-76-42,662432.2631,6124181.845,11,648.0104,SBT-6-76,628.4094,648.0104,ARU,
SBT-6-76-43,662462.6169,6124179.57,11,647.3276,SBT-6-76,627.7266,647.3276,EXTMIC,
SBT-6-76-44,662510.1466,6124181.633,11,646.8141,SBT-6-76,627.2131,646.8141,ARU,
SBT-6-76-45,662538.2587,6124180.787,11,647.7632,SBT-6-76,628.1622,647.7632,EXTMIC,"Adjusted coordinates (_0.973977,_2.41068)"
SBT-6-76-46,662396.9583,6124149.811,11,659.7741,SBT-6-76,640.1731,659.7741,EXTMIC,
SBT-6-76-47,662428.2645,6124141.453,11,655.3042,SBT-6-76,635.7032,655.3042,ARU,
SBT-6-76-48,662464.915,6124151.398,11,649.1172,SBT-6-76,629.5162,649.1172,EXTMIC,
SBT-6-76-49,662503.9742,6124151.173,11,649.3281,SBT-6-76,629.7271,649.3281,ARU,
SBT-6-76-50,662537.1213,6124151.978,11,650.2033,SBT-6-76,630.6023,650.2033,EXTMIC,
SBT-6-79-1,650188.6555,6144321.117,11,735.8348,SBT-6-79,716.4618,735.8348,ARU,
SBT-6-79-2,650229.7505,6144318.694,11,729.7815,SBT-6-79,710.4085,729.7815,EXTMIC,
SBT-6-79-3,650262.8127,6144314.86,11,732.6623,SBT-6-79,713.2893,732.6623,ARU,
SBT-6-79-4,650302.4207,6144315.041,11,734.5451,SBT-6-79,715.1721,734.5451,EXTMIC,
SBT-6-79-5,650327.4295,6144322.058,11,723.7819,SBT-6-79,704.4089,723.7819,ARU,
SBT-6-79-6,650191.6622,6144284.792,11,731.168,SBT-6-79,711.795,731.168,ARU,
SBT-6-79-7,650226.1514,6144284.685,11,727.9755,SBT-6-79,708.6025,727.9755,EXTMIC,
SBT-6-79-8,650263.5848,6144285.656,11,726.7803,SBT-6-79,707.4073,726.7803,ARU,
SBT-6-79-9,650301.4256,6144283.623,11,726.6257,SBT-6-79,707.2527,726.6257,EXTMIC,
SBT-6-79-10,650330.2938,6144289.579,11,725.9393,SBT-6-79,706.5663,725.9393,EXTMIC,
SBT-6-79-11,650191.6886,6144248.287,11,725.9769,SBT-6-79,706.6039,725.9769,ARU,
SBT-6-79-12,650225.763,6144250.783,11,723.9783,SBT-6-79,704.6053,723.9783,EXTMIC,
SBT-6-79-13,650259.1756,6144253.543,11,724.7799,SBT-6-79,705.4069,724.7799,ARU,
SBT-6-79-14,650300.1649,6144247.129,11,725.3473,SBT-6-79,705.9743,725.3473,EXTMIC,
SBT-6-79-15,650331.5254,6144251.703,11,721.4321,SBT-6-79,702.0591,721.4321,ARU,
SBT-6-79-16,650190.2094,6144214.614,11,726.6889,SBT-6-79,707.3159,726.6889,ARU,
SBT-6-79-17,650226.1446,6144215.917,11,723.4269,SBT-6-79,704.0539,723.4269,EXTMIC,Originally documented as ARU
SBT-6-79-18,650259.3077,6144220.455,11,724.7695,SBT-6-79,705.3965,724.7695,ARU,
SBT-6-79-19,650293.2546,6144218.707,11,727.5259,SBT-6-79,708.1529,727.5259,EXTMIC,
SBT-6-79-20,650325.2836,6144210.638,11,725.4907,SBT-6-79,706.1177,725.4907,ARU,
SBT-6-79-21,650188.3619,6144182.29,11,714.732,SBT-6-79,695.359,714.732,ARU,
SBT-6-79-22,650226.63,6144184.866,11,720.9492,SBT-6-79,701.5762,720.9492,EXTMIC,
SBT-6-79-23,650260.9858,6144179.593,11,726.8033,SBT-6-79,707.4303,726.8033,ARU,
SBT-6-79-24,650296.3596,6144184.969,11,719.9627,SBT-6-79,700.5897,719.9627,EXTMIC,
SBT-6-79-25,650330.886,6144181.65,11,720.2145,SBT-6-79,700.8415,720.2145,ARU,
SBT-6-79-26,650360.521,6144239.011,11,725.6094,SBT-6-79,706.2364,725.6094,EXTMIC,
SBT-6-79-27,650397.1639,6144245.48,11,727.7738,SBT-6-79,708.4008,727.7738,ARU,
SBT-6-79-28,650433.7169,6144242.692,11,718.3482,SBT-6-79,698.9752,718.3482,EXTMIC,
SBT-6-79-29,650465.9199,6144241.384,11,730.4541,SBT-6-79,711.0811,730.4541,ARU,
SBT-6-79-30,650500.4796,6144241.887,11,724.9412,SBT-6-79,705.5682,724.9412,EXTMIC,
SBT-6-79-31,650364.5479,6144210.582,11,715.6023,SBT-6-79,696.2293,715.6023,EXTMIC,
SBT-6-79-32,650399.24,6144209.551,11,717.3381,SBT-6-79,697.9651,717.3381,ARU,
SBT-6-79-33,650430.0764,6144211.866,11,725.8667,SBT-6-79,706.4937,725.8667,EXTMIC,
SBT-6-79-34,650469.5659,6144209.179,11,719.321,SBT-6-79,699.948,719.321,ARU,
SBT-6-79-35,650501.0883,6144207.975,11,720.0422,SBT-6-79,700.6692,720.0422,EXTMIC,
SBT-6-79-36,650358.7799,6144168.455,11,713.7055,SBT-6-79,694.3325,713.7055,EXTMIC,
SBT-6-79-37,650395.5032,6144167.65,11,711.7371,SBT-6-79,692.3641,711.7371,ARU,
SBT-6-79-38,650430.2838,6144171.531,11,718.5454,SBT-6-79,699.1724,718.5454,EXTMIC,
SBT-6-79-39,650467.6302,6144169.141,11,710.3475,SBT-6-79,690.9745,710.3475,ARU,
SBT-6-79-40,650499.5483,6144170.811,11,711.0157,SBT-6-79,691.6427,711.0157,EXTMIC,
SBT-6-79-41,650357.1575,6144128.635,11,719.1514,SBT-6-79,699.7784,719.1514,ARU,
SBT-6-79-42,650397.66,6144147.649,11,713.0017,SBT-6-79,693.6287,713.0017,ARU,
SBT-6-79-43,650432.6003,6144140.868,11,709.8048,SBT-6-79,690.4318,709.8048,EXTMIC,
SBT-6-79-44,650467.1076,6144135.072,11,704.7201,SBT-6-79,685.3471,704.7201,ARU,
SBT-6-79-45,650501.159,6144139.563,11,708.4497,SBT-6-79,689.0767,708.4497,EXTMIC,
SBT-6-79-46,650359.7584,6144107.603,11,706.2801,SBT-6-79,686.9071,706.2801,EXTMIC,
SBT-6-79-47,650396.5633,6144102.985,11,704.1405,SBT-6-79,684.7675,704.1405,ARU,
SBT-6-79-48,650432.0989,6144106.712,11,713.2687,SBT-6-79,693.8957,713.2687,EXTMIC,
SBT-6-79-49,650469.3207,6144102.771,11,712.1828,SBT-6-79,692.8098,712.1828,ARU,
SBT-6-79-50,650504.1888,6144097.566,11,702.1386,SBT-6-79,682.7656,702.1386,EXTMIC,
SBT-6-81-1,690464.8282,6119055.895,11,644.13,SBT-6-81,623.998,644.13,ARU,
SBT-6-81-2,690507.7046,6119056.608,11,641.1188,SBT-6-81,620.9868,641.1188,ARU,
SBT-6-81-3,690536.7854,6119051.136,11,644.6826,SBT-6-81,624.5506,644.6826,ARU,
SBT-6-81-4,690573.9276,6119050.379,11,645.4299,SBT-6-81,625.2979,645.4299,ARU,
SBT-6-81-5,690609.6341,6119053.333,11,645.9451,SBT-6-81,625.8131,645.9451,ARU,
SBT-6-81-6,690463.6429,6119022.476,11,643.0884,SBT-6-81,622.9564,643.0884,EXTMIC,
SBT-6-81-7,690499.4,6119018.5,11,647.5574,SBT-6-81,627.425,647.5574,EXTMIC,"Used coordinates from datasheet, differ from text file"
SBT-6-81-8,690535.9,6119017.3,11,648.0541,SBT-6-81,627.922,648.0541,EXTMIC,"Used coordinates from datasheet, differ from text file"
SBT-6-81-9,690572.7342,6119019.019,11,645.5991,SBT-6-81,625.4671,645.5991,EXTMIC,
SBT-6-81-10,690606.765,6119015.31,11,647.5307,SBT-6-81,627.3987,647.5307,EXTMIC,
SBT-6-81-11,690468.2925,6118984.57,11,645.1006,SBT-6-81,624.9686,645.1006,ARU,
SBT-6-81-12,690500.6534,6118982.727,11,644.2808,SBT-6-81,624.1488,644.2808,ARU,
SBT-6-81-13,690532.6853,6118979.227,11,645.9071,SBT-6-81,625.7751,645.9071,ARU,
SBT-6-81-14,690576.8153,6118983.192,11,646.67,SBT-6-81,626.538,646.67,ARU,
SBT-6-81-15,690601.4349,6118983.443,11,649.349,SBT-6-81,629.217,649.349,ARU,
SBT-6-81-16,690472.5053,6118939.49,11,648.0787,SBT-6-81,627.9467,648.0787,EXTMIC,
SBT-6-81-17,690500.7765,6118943.767,11,644.8448,SBT-6-81,624.7128,644.8448,EXTMIC,
SBT-6-81-18,690534.1145,6118944.154,11,645.9676,SBT-6-81,625.8356,645.9676,EXTMIC,
SBT-6-81-19,690570.7346,6118944.844,11,648.5868,SBT-6-81,628.4548,648.5868,EXTMIC,
SBT-6-81-20,690607.6043,6118943.746,11,649.8469,SBT-6-81,629.7149,649.8469,EXTMIC,
SBT-6-81-21,690471.0759,6118909.843,11,644.58,SBT-6-81,624.448,644.58,ARU,
SBT-6-81-22,690509.9872,6118913.926,11,653.1311,SBT-6-81,632.9991,653.1311,ARU,
SBT-6-81-23,690545.6153,6118912.499,11,661.999,SBT-6-81,641.867,661.999,ARU,
SBT-6-81-24,690569.5423,6118910.133,11,651.7228,SBT-6-81,631.5908,651.7228,ARU,
SBT-6-81-25,690605.0008,6118910.221,11,653.7283,SBT-6-81,633.5963,653.7283,ARU,
SBT-6-81-26,690484.3632,6118876.077,11,645.5451,SBT-6-81,625.4131,645.5451,EXTMIC,
SBT-6-81-27,690516.8868,6118881.338,11,649.6426,SBT-6-81,629.5106,649.6426,EXTMIC,
SBT-6-81-28,690547.9069,6118881.192,11,660.4626,SBT-6-81,640.3306,660.4626,EXTMIC,
SBT-6-81-29,690579.9367,6118878.512,11,652.9267,SBT-6-81,632.7947,652.9267,EXTMIC,
SBT-6-81-30,690614.888,6118879.304,11,654.6779,SBT-6-81,634.5459,654.6779,EXTMIC,
SBT-6-81-31,690479.2781,6118842.285,11,647.1973,SBT-6-81,627.0653,647.1973,ARU,
SBT-6-81-32,690516.4812,6118842.906,11,653.1694,SBT-6-81,633.0374,653.1694,ARU,
SBT-6-81-33,690549.4765,6118850.204,11,655.6048,SBT-6-81,635.4728,655.6048,ARU,
SBT-6-81-34,690586.2887,6118844.807,11,653.9665,SBT-6-81,633.8345,653.9665,ARU,
SBT-6-81-35,690619.414,6118843.908,11,655.2605,SBT-6-81,635.1285,655.2605,ARU,
SBT-6-81-36,690472.7646,6118814.312,11,653.2848,SBT-6-81,633.1528,653.2848,EXTMIC,
SBT-6-81-37,690511.9164,6118804.744,11,650.6884,SBT-6-81,630.5564,650.6884,EXTMIC,
SBT-6-81-38,690550.5368,6118816.156,11,653.9959,SBT-6-81,633.8639,653.9959,EXTMIC,
SBT-6-81-39,690584.2759,6118814.167,11,654.179,SBT-6-81,634.047,654.179,EXTMIC,
SBT-6-81-40,690616.7486,6118810.325,11,656.7392,SBT-6-81,636.6072,656.7392,EXTMIC,
SBT-6-81-41,690478.966,6118781.103,11,650.7715,SBT-6-81,630.6395,650.7715,ARU,
SBT-6-81-42,690512.6899,6118771.042,11,652.6909,SBT-6-81,632.5589,652.6909,ARU,
SBT-6-81-43,690554.425,6118768.82,11,656.1929,SBT-6-81,636.0609,656.1929,ARU,
SBT-6-81-44,690579.1605,6118773.093,11,658.5028,SBT-6-81,638.3708,658.5028,ARU,
SBT-6-81-45,690620.2393,6118769.408,11,659.3791,SBT-6-81,639.2471,659.3791,ARU,
SBT-6-81-46,690478.9342,6118739.975,11,642.8622,SBT-6-81,622.7302,642.8622,EXTMIC,
SBT-6-81-47,690514.4561,6118743.84,11,649.4512,SBT-6-81,629.3192,649.4512,EXTMIC,
SBT-6-81-48,690553.5538,6118734.718,11,654.8482,SBT-6-81,634.7162,654.8482,EXTMIC,
SBT-6-81-49,690582.2171,6118731.321,11,651.8513,SBT-6-81,631.7193,651.8513,EXTMIC,
SBT-6-81-50,690614.5882,6118741.864,11,653.8723,SBT-6-81,633.7403,653.8723,EXTMIC,
SBT-6-83-1,661604.4831,6121264.165,11,710.1565,SBT-6-83,690.6075,710.1565,ARU,
SBT-6-83-2,661628.4448,6121279.184,11,709.6711,SBT-6-83,690.1221,709.6711,EXTMIC,
SBT-6-83-3,661671.7186,6121299.965,11,714.3203,SBT-6-83,694.7713,714.3203,ARU,
SBT-6-83-4,661702.2272,6121316.064,11,706.9811,SBT-6-83,687.4321,706.9811,EXTMIC,
SBT-6-83-5,661723.613,6121332.979,11,705.7131,SBT-6-83,686.1641,705.7131,ARU,
SBT-6-83-6,661619.9734,6121236.482,11,707.0917,SBT-6-83,687.5427,707.0917,ARU,
SBT-6-83-7,661648.2413,6121251.668,11,708.6807,SBT-6-83,689.1317,708.6807,ARU,
SBT-6-83-8,661676.8097,6121279.102,11,709.5947,SBT-6-83,690.0457,709.5947,ARU,
SBT-6-83-9,661716.7113,6121285.994,11,706.3627,SBT-6-83,686.8137,706.3627,ARU,
SBT-6-83-10,661738.2106,6121308.724,11,705.3147,SBT-6-83,685.7657,705.3147,ARU,
SBT-6-83-11,661635.7212,6121208.76,11,716.3555,SBT-6-83,696.8065,716.3555,EXTMIC,
SBT-6-83-12,661667.8344,6121223.471,11,708.2339,SBT-6-83,688.6849,708.2339,EXTMIC,
SBT-6-83-13,661697.4177,6121239.417,11,707.7099,SBT-6-83,688.1609,707.7099,EXTMIC,
SBT-6-83-14,661732.6776,6121252.09,11,705.6559,SBT-6-83,686.1069,705.6559,EXTMIC,
SBT-6-83-15,661760.9328,6121268.399,11,703.0626,SBT-6-83,683.5136,703.0626,EXTMIC,
SBT-6-83-16,661658.1576,6121168.529,11,706.8584,SBT-6-83,687.3094,706.8584,ARU,
SBT-6-83-17,661677.7592,6121193.767,11,706.9876,SBT-6-83,687.4386,706.9876,ARU,
SBT-6-83-18,661728.6572,6121199.013,11,706.5363,SBT-6-83,686.9873,706.5363,ARU,
SBT-6-83-19,661743.3697,6121219.884,11,705.8607,SBT-6-83,686.3117,705.8607,ARU,
SBT-6-83-20,661781.2969,6121244.31,11,703.612,SBT-6-83,684.063,703.612,ARU,
SBT-6-83-21,661671.197,6121143.129,11,703.7079,SBT-6-83,684.1589,703.7079,EXTMIC,
SBT-6-83-22,661699.1437,6121163.47,11,706.4091,SBT-6-83,686.8601,706.4091,EXTMIC,
SBT-6-83-23,661735.1026,6121176.328,11,707.5023,SBT-6-83,687.9533,707.5023,EXTMIC,
SBT-6-83-24,661762.1913,6121191.263,11,704.4657,SBT-6-83,684.9167,704.4657,EXTMIC,
SBT-6-83-25,661792.7575,6121209.744,11,703.726,SBT-6-83,684.177,703.726,EXTMIC,
SBT-6-83-26,661561.1434,6121425.09,11,708.1961,SBT-6-83,688.6471,708.1961,ARU,
SBT-6-83-27,661589.717,6121437.331,11,710.6454,SBT-6-83,691.0964,710.6454,ARU,
SBT-6-83-28,661614.3537,6121460.208,11,718.4526,SBT-6-83,698.9036,718.4526,ARU,
SBT-6-83-29,661645.1641,6121476.133,11,706.0449,SBT-6-83,686.4959,706.0449,ARU,
SBT-6-83-30,661679.8907,6121501.684,11,708.4295,SBT-6-83,688.8805,708.4295,ARU,
SBT-6-83-31,661568.6337,6121397.451,11,709.8886,SBT-6-83,690.3396,709.8886,EXTMIC,
SBT-6-83-32,661597.9829,6121413.423,11,711.7122,SBT-6-83,692.1632,711.7122,EXTMIC,"Adjusted coordinates (0,1.3) JG: easting had been changed instead of northing"
SBT-6-83-33,661625.0223,6121433.54,11,708.9354,SBT-6-83,689.3864,708.9354,EXTMIC,
SBT-6-83-34,661659.9362,6121455.977,11,706.1914,SBT-6-83,686.6424,706.1914,EXTMIC,
SBT-6-83-35,661692.2516,6121466.607,11,704.0339,SBT-6-83,684.4849,704.0339,EXTMIC,"Adjusted coordinates (0,1.5) JG:easting had been changed instead of northing"
SBT-6-83-36,661598.1838,6121367.918,11,707.3543,SBT-6-83,687.8053,707.3543,ARU,
SBT-6-83-37,661618.1891,6121385.214,11,708.566,SBT-6-83,689.017,708.566,ARU,
SBT-6-83-38,661647.1777,6121408.26,11,710.5958,SBT-6-83,691.0468,710.5958,ARU,
SBT-6-83-39,661682.966,6121423.088,11,701.9429,SBT-6-83,682.3939,701.9429,ARU,
SBT-6-83-40,661710.7714,6121438.461,11,705.035,SBT-6-83,685.486,705.035,ARU,
SBT-6-83-41,661603.0479,6121334.697,11,710.8918,SBT-6-83,691.3428,710.8918,EXTMIC,
SBT-6-83-42,661626.1932,6121349.916,11,722.5666,SBT-6-83,703.0176,722.5666,EXTMIC,
SBT-6-83-43,661664.3252,6121365.701,11,710.3818,SBT-6-83,690.8328,710.3818,EXTMIC,
SBT-6-83-44,661699.3674,6121384.35,11,704.3674,SBT-6-83,684.8184,704.3674,EXTMIC,
SBT-6-83-45,661731.1998,6121403.315,11,705.4791,SBT-6-83,685.9301,705.4791,EXTMIC,
SBT-6-83-46,661620.3468,6121306.476,11,711.343,SBT-6-83,691.794,711.343,ARU,
SBT-6-83-47,661649.8269,6121325.902,11,715.7212,SBT-6-83,696.1722,715.7212,EXTMIC,
SBT-6-83-48,661685.2052,6121337.295,11,708.5033,SBT-6-83,688.9543,708.5033,ARU,
SBT-6-83-49,661710.7966,6121355.597,11,705.6333,SBT-6-83,686.0843,705.6333,EXTMIC,
SBT-6-83-50,661744.2685,6121369.937,11,705.827,SBT-6-83,686.278,705.827,EXTMIC,
SBT-6-84-21,646048.2859,6120707.196,11,708.2668,SBT-6-84,689.0718,708.2668,ARU,Re-project then calculated 3D shift manually
SBT-6-84-22,646073.9037,6120713.308,11,706.4867,SBT-6-84,687.2917,706.4867,ARU,Re-project then calculated 3D shift manually
SBT-6-84-23,646114.9797,6120712.542,11,711.7324,SBT-6-84,692.5374,711.7324,ARU,Re-project then calculated 3D shift manually
SBT-6-84-24,646146.5845,6120708.855,11,713.9255,SBT-6-84,694.7305,713.9255,ARU,Re-project then calculated 3D shift manually
SBT-6-84-25,646184.1213,6120714.774,11,714.6523,SBT-6-84,695.4573,714.6523,ARU,Re-project then calculated 3D shift manually
SBT-6-84-26,646044.3904,6120679.652,11,708.6738,SBT-6-84,689.4788,708.6738,EXTMIC,Re-project then calculated 3D shift manually
SBT-6-84-27,646074.615,6120680.784,11,710.326,SBT-6-84,691.131,710.326,EXTMIC,Re-project then calculated 3D shift manually
SBT-6-84-28,646117.0538,6120676.857,11,709.4977,SBT-6-84,690.3027,709.4977,EXTMIC,Re-project then calculated 3D shift manually
SBT-6-84-29,646146.7513,6120676.002,11,709.9467,SBT-6-84,690.7517,709.9467,EXTMIC,Re-project then calculated 3D shift manually
SBT-6-84-30,646184.8199,6120670.688,11,709.7217,SBT-6-84,690.5267,709.7217,EXTMIC,Re-project then calculated 3D shift manually
SBT-6-84-31,646041.9041,6120634.134,11,709.4827,SBT-6-84,690.2877,709.4827,ARU,Re-project then calculated 3D shift manually
SBT-6-84-32,646082.0123,6120647.412,11,714.2223,SBT-6-84,695.0273,714.2223,ARU,Re-project then calculated 3D shift manually
SBT-6-84-33,646117.4485,6120641.782,11,717.9932,SBT-6-84,698.7982,717.9932,ARU,Re-project then calculated 3D shift manually
SBT-6-84-34,646152.0864,6120638.247,11,714.3234,SBT-6-84,695.1284,714.3234,ARU,Re-project then calculated 3D shift manually
SBT-6-84-35,646184.0422,6120641.992,11,716.6281,SBT-6-84,697.4331,716.6281,ARU,Re-project then calculated 3D shift manually
SBT-6-84-36,646049.7631,6120606.861,11,710.3672,SBT-6-84,691.1722,710.3672,EXTMIC,Re-project then calculated 3D shift manually
SBT-6-84-37,646076.2286,6120620.773,11,719.9545,SBT-6-84,700.7595,719.9545,EXTMIC,Re-project then calculated 3D shift manually
SBT-6-84-38,646117.4367,6120610.13,11,709.8723,SBT-6-84,690.6773,709.8723,EXTMIC,Re-project then calculated 3D shift manually
SBT-6-84-39,646143.6274,6120612.374,11,712.7829,SBT-6-84,693.5879,712.7829,EXTMIC,Re-project then calculated 3D shift manually
SBT-6-84-40,646181.2874,6120609.739,11,716.8901,SBT-6-84,697.6951,716.8901,EXTMIC,Re-project then calculated 3D shift manually
SBT-6-84-41,646046.296,6120574.174,11,710.9096,SBT-6-84,691.7146,710.9096,ARU,Re-project then calculated 3D shift manually
SBT-6-84-42,646080.8849,6120573.013,11,714.863,SBT-6-84,695.668,714.863,ARU,Re-project then calculated 3D shift manually
SBT-6-84-43,646112.9572,6120568.87,11,715.4093,SBT-6-84,696.2143,715.4093,ARU,Re-project then calculated 3D shift manually
SBT-6-84-44,646156.0787,6120574.588,11,713.1952,SBT-6-84,694.0002,713.1952,ARU,Re-project then calculated 3D shift manually
SBT-6-84-45,646182.0064,6120570.516,11,721.7923,SBT-6-84,702.5973,721.7923,ARU,Re-project then calculated 3D shift manually
SBT-6-84-46,646049.7327,6120542.794,11,713.8656,SBT-6-84,694.6706,713.8656,EXTMIC,Re-project then calculated 3D shift manually
SBT-6-84-47,646076.3005,6120541.847,11,716.0625,SBT-6-84,696.8675,716.0625,EXTMIC,Re-project then calculated 3D shift manually
SBT-6-84-48,646114.7777,6120545.864,11,717.7434,SBT-6-84,698.5484,717.7434,EXTMIC,Re-project then calculated 3D shift manually
SBT-6-84-49,646147.5185,6120537.778,11,723.4198,SBT-6-84,704.2248,723.4198,EXTMIC,Re-project then calculated 3D shift manually
SBT-6-84-50,646183.9373,6120543.39,11,723.1771,SBT-6-84,703.9821,723.1771,EXTMIC,Re-project then calculated 3D shift manually
